{
  "strategy": "Multi-Timeframe Confluence",
  "timeframes": "Weekly + Daily + H4",
  "total_pairs": 10,
  "successful_pairs": 10,
  "portfolio_return": 19.760092029101006,
  "portfolio_win_rate": 42.30769230769231,
  "sharpe_ratio": 0.4951945828557127,
  "max_drawdown": 2.2118907156014394,
  "total_trades": 26,
  "total_confluences": 250,
  "avg_confluence_score": 1.1036361818340361,
  "confluence_threshold": 1.2,
  "top_performers": [
    {
      "pair": "GBP_JPY",
      "return": 51.34536572538189,
      "win_rate": 25.0,
      "trades": 4,
      "confluences": 41,
      "grade": "D"
    },
    {
      "pair": "EUR_JPY",
      "return": 41.69968850734898,
      "win_rate": 100.0,
      "trades": 1,
      "confluences": 27,
      "grade": "A+"
    },
    {
      "pair": "USD_JPY",
      "return": 35.313911003896834,
      "win_rate": 33.33333333333333,
      "trades": 3,
      "confluences": 56,
      "grade": "D"
    }
  ],
  "individual_results": {
    "EUR_USD": 3.910907046394968,
    "GBP_USD": 2.3390791248863025,
    "USD_JPY": 35.313911003896834,
    "USD_CHF": 9.182399999999998,
    "USD_CAD": 0.0,
    "AUD_USD": 0.0,
    "EUR_GBP": 0.0,
    "EUR_JPY": 41.69968850734898,
    "GBP_JPY": 51.34536572538189,
    "AUD_JPY": 16.433730891917588
  }
}